N,k,beta,rho,gamma,nonstat,imbal,kind,mean_eps,global_rate,global_lo,global_hi,global_n,strat_rate,strat_lo,strat_hi,strat_n,local_rate,local_lo,local_hi,local_n,circ_rate,circ_lo,circ_hi,circ_n
23,2,0.0,0.0,0.0,False,1.0,type_I,0.0594,0.0336,0.0183,0.0607,298,0.0336,0.0183,0.0607,298,0.0336,0.0183,0.0607,298,0.2315,0.1873,0.2827,298
23,2,0.0,0.0,0.8,False,1.0,power,0.1421,0.2389,0.1937,0.2909,293,0.1877,0.1471,0.2364,293,0.2116,0.1687,0.262,293,0.4198,0.3647,0.477,293
23,2,0.0,0.0,0.0,False,4.0,type_I,0.0624,0.0646,0.0418,0.0987,294,0.0342,0.0187,0.0619,292,0.0612,0.0391,0.0947,294,0.2109,0.1681,0.2611,294
23,2,0.0,0.0,0.8,False,4.0,power,0.1333,0.1507,0.1142,0.1962,292,0.1399,0.1044,0.1848,286,0.1712,0.1324,0.2186,292,0.3699,0.3165,0.4266,292
23,2,0.0,0.0,0.0,True,1.0,type_I,0.0668,0.0673,0.044,0.1017,297,0.0404,0.0233,0.0693,297,0.0505,0.0308,0.0816,297,0.2424,0.1972,0.2943,297
23,2,0.0,0.0,0.8,True,1.0,power,0.1454,0.2237,0.1799,0.2747,295,0.1797,0.1401,0.2275,295,0.2068,0.1645,0.2566,295,0.4576,0.4017,0.5147,295
23,2,0.0,0.0,0.0,True,4.0,type_I,0.0569,0.0373,0.0209,0.0655,295,0.0171,0.0073,0.0393,293,0.0305,0.0161,0.057,295,0.2475,0.2017,0.2997,295
23,2,0.0,0.0,0.8,True,4.0,power,0.1451,0.2184,0.1749,0.2692,293,0.1869,0.1461,0.2358,289,0.2355,0.1905,0.2873,293,0.4403,0.3846,0.4975,293
23,2,0.0,0.5,0.0,False,1.0,type_I,0.067,0.0541,0.0335,0.086,296,0.0338,0.0185,0.0611,296,0.0439,0.0258,0.0737,296,0.2635,0.2166,0.3165,296
23,2,0.0,0.5,0.8,False,1.0,power,0.1301,0.1797,0.1401,0.2275,295,0.1429,0.1075,0.1875,294,0.1763,0.137,0.2238,295,0.3966,0.3425,0.4534,295
23,2,0.0,0.5,0.0,False,4.0,type_I,0.0523,0.0237,0.0115,0.0482,295,0.0103,0.0035,0.0299,291,0.0339,0.0185,0.0613,295,0.2034,0.1614,0.253,295
23,2,0.0,0.5,0.8,False,4.0,power,0.1538,0.2158,0.1724,0.2665,292,0.1655,0.1268,0.2131,284,0.2021,0.16,0.2518,292,0.3973,0.3428,0.4544,292
23,2,0.0,0.5,0.0,True,1.0,type_I,0.0581,0.0439,0.0258,0.0737,296,0.0237,0.0115,0.0482,295,0.0405,0.0233,0.0695,296,0.2331,0.1885,0.2845,296
23,2,0.0,0.5,0.8,True,1.0,power,0.1391,0.1837,0.1436,0.2319,294,0.1497,0.1134,0.1949,294,0.1973,0.1558,0.2465,294,0.3878,0.3338,0.4446,294
23,2,0.0,0.5,0.0,True,4.0,type_I,0.0601,0.0507,0.0309,0.0819,296,0.0375,0.0211,0.066,293,0.0709,0.0469,0.106,296,0.2568,0.2103,0.3094,296
23,2,0.0,0.5,0.8,True,4.0,power,0.1291,0.2172,0.1736,0.2682,290,0.1719,0.1326,0.22,285,0.2103,0.1674,0.2609,290,0.4,0.3453,0.4573,290
23,2,2.0,0.0,0.0,False,1.0,type_I,0.057,0.0471,0.0283,0.0776,297,0.0135,0.0052,0.0341,297,0.0539,0.0334,0.0857,297,0.2391,0.1941,0.2907,297
23,2,2.0,0.0,0.8,False,1.0,power,0.0976,0.1085,0.0779,0.1491,295,0.0915,0.0637,0.1299,295,0.1153,0.0837,0.1567,295,0.3051,0.2553,0.3599,295
23,2,2.0,0.0,0.0,False,4.0,type_I,0.0414,0.0341,0.0186,0.0617,293,0.014,0.0055,0.0354,286,0.0546,0.0339,0.0869,293,0.1911,0.1502,0.24,293
23,2,2.0,0.0,0.8,False,4.0,power,0.106,0.139,0.1041,0.1831,295,0.0976,0.0684,0.1374,287,0.1458,0.11,0.1906,295,0.3322,0.2809,0.3878,295
23,2,2.0,0.0,0.0,True,1.0,type_I,0.0608,0.047,0.0282,0.0773,298,0.0201,0.0093,0.0432,298,0.0369,0.0207,0.0649,298,0.2215,0.178,0.272,298
23,2,2.0,0.0,0.8,True,1.0,power,0.1347,0.1831,0.1431,0.2312,295,0.139,0.1041,0.1831,295,0.1627,0.125,0.2091,295,0.3593,0.3067,0.4156,295
23,2,2.0,0.0,0.0,True,4.0,type_I,0.0484,0.0268,0.0137,0.0521,298,0.0068,0.0019,0.0243,296,0.0336,0.0183,0.0607,298,0.1913,0.1507,0.2397,298
23,2,2.0,0.0,0.8,True,4.0,power,0.1327,0.2027,0.1606,0.2527,291,0.1608,0.1228,0.2079,286,0.1924,0.1513,0.2416,291,0.3505,0.298,0.407,291
23,2,2.0,0.5,0.0,False,1.0,type_I,0.0471,0.0203,0.0093,0.0435,296,0.0169,0.0073,0.0391,295,0.0236,0.0115,0.048,296,0.1892,0.1487,0.2377,296
23,2,2.0,0.5,0.8,False,1.0,power,0.0889,0.1096,0.0787,0.1506,292,0.0796,0.0536,0.1166,289,0.1164,0.0845,0.1583,292,0.2842,0.2356,0.3385,292
23,2,2.0,0.5,0.0,False,4.0,type_I,0.0444,0.0305,0.0161,0.057,295,0.0137,0.0053,0.0346,293,0.0441,0.0259,0.0739,295,0.2034,0.1614,0.253,295
23,2,2.0,0.5,0.8,False,4.0,power,0.0859,0.108,0.0771,0.1492,287,0.0669,0.0432,0.1021,284,0.1254,0.092,0.1688,287,0.2927,0.2431,0.3478,287
23,2,2.0,0.5,0.0,True,1.0,type_I,0.0581,0.0407,0.0234,0.0697,295,0.0102,0.0035,0.0296,294,0.0508,0.0311,0.0822,295,0.2203,0.1768,0.2711,295
23,2,2.0,0.5,0.8,True,1.0,power,0.1386,0.1939,0.1528,0.2429,294,0.1297,0.096,0.173,293,0.1803,0.1405,0.2282,294,0.4286,0.3733,0.4857,294
23,2,2.0,0.5,0.0,True,4.0,type_I,0.0377,0.0268,0.0137,0.0521,298,0.0169,0.0073,0.0391,295,0.0336,0.0183,0.0607,298,0.2181,0.175,0.2684,298
23,2,2.0,0.5,0.8,True,4.0,power,0.1196,0.1862,0.1456,0.235,290,0.1597,0.1219,0.2065,288,0.1931,0.1518,0.2424,290,0.369,0.3155,0.4259,290
23,3,0.0,0.0,0.0,False,1.0,type_I,0.2493,0.0467,0.028,0.0768,300,0.0368,0.0207,0.0647,299,0.05,0.0305,0.0808,300,0.24,0.1952,0.2914,300
23,3,0.0,0.0,0.8,False,1.0,power,0.3406,0.1839,0.1441,0.2318,299,0.1773,0.1381,0.2246,299,0.1873,0.1471,0.2354,299,0.4147,0.3603,0.4713,299
23,3,0.0,0.0,0.0,False,4.0,type_I,0.1986,0.0667,0.0436,0.1007,300,0.051,0.03,0.0853,255,0.0833,0.0571,0.1201,300,0.2733,0.226,0.3264,300
23,3,0.0,0.0,0.8,False,4.0,power,0.2718,0.1639,0.1262,0.2101,299,0.1699,0.1291,0.2204,259,0.1639,0.1262,0.2101,299,0.4381,0.383,0.4948,299
23,3,0.0,0.0,0.0,True,1.0,type_I,0.26,0.0767,0.0516,0.1124,300,0.0633,0.0409,0.0968,300,0.0767,0.0516,0.1124,300,0.2467,0.2013,0.2984,300
23,3,0.0,0.0,0.8,True,1.0,power,0.3382,0.1867,0.1466,0.2346,300,0.1867,0.1466,0.2346,300,0.1867,0.1466,0.2346,300,0.46,0.4045,0.5165,300
23,3,0.0,0.0,0.0,True,4.0,type_I,0.1997,0.0433,0.0255,0.0727,300,0.0377,0.0206,0.0681,265,0.0433,0.0255,0.0727,300,0.2533,0.2074,0.3055,300
23,3,0.0,0.0,0.8,True,4.0,power,0.2956,0.2617,0.2151,0.3145,298,0.2366,0.1892,0.2917,262,0.2785,0.2307,0.332,298,0.5235,0.4668,0.5795,298
23,3,0.0,0.5,0.0,False,1.0,type_I,0.2182,0.0433,0.0255,0.0727,300,0.0338,0.0185,0.0611,296,0.0533,0.0331,0.0849,300,0.24,0.1952,0.2914,300
23,3,0.0,0.5,0.8,False,1.0,power,0.3023,0.1933,0.1526,0.2418,300,0.1924,0.1513,0.2416,291,0.1967,0.1556,0.2454,300,0.4633,0.4077,0.5199,300
23,3,0.0,0.5,0.0,False,4.0,type_I,0.1872,0.0633,0.0409,0.0968,300,0.0393,0.0221,0.069,280,0.04,0.023,0.0686,300,0.2367,0.1921,0.2879,300
23,3,0.0,0.5,0.8,False,4.0,power,0.2723,0.2843,0.2361,0.3379,299,0.2657,0.2179,0.3198,286,0.2542,0.2082,0.3064,299,0.4916,0.4354,0.5481,299
23,3,0.0,0.5,0.0,True,1.0,type_I,0.2248,0.0468,0.0281,0.077,299,0.0336,0.0183,0.0607,298,0.0401,0.0231,0.0688,299,0.2408,0.1958,0.2924,299
23,3,0.0,0.5,0.8,True,1.0,power,0.3096,0.19,0.1496,0.2382,300,0.1757,0.1366,0.2231,296,0.1833,0.1436,0.231,300,0.4533,0.3979,0.5099,300
23,3,0.0,0.5,0.0,True,4.0,type_I,0.1826,0.03,0.0159,0.056,300,0.0387,0.0218,0.068,284,0.0333,0.0182,0.0603,300,0.2333,0.189,0.2844,300
23,3,0.0,0.5,0.8,True,4.0,power,0.2668,0.2433,0.1982,0.2949,300,0.2191,0.1748,0.2709,283,0.25,0.2044,0.302,300,0.5133,0.457,0.5694,300
23,3,2.0,0.0,0.0,False,1.0,type_I,0.1231,0.02,0.0092,0.0429,300,0.0368,0.0207,0.0647,299,0.03,0.0159,0.056,300,0.0967,0.0681,0.1354,300
23,3,2.0,0.0,0.8,False,1.0,power,0.1849,0.0533,0.0331,0.0849,300,0.0933,0.0654,0.1316,300,0.08,0.0543,0.1163,300,0.2,0.1587,0.2489,300
23,3,2.0,0.0,0.0,False,4.0,type_I,0.1126,0.0133,0.0052,0.0338,300,0.0196,0.0084,0.0451,255,0.04,0.023,0.0686,300,0.1367,0.1024,0.1802,300
23,3,2.0,0.0,0.8,False,4.0,power,0.1797,0.1067,0.0766,0.1467,300,0.1648,0.1251,0.214,267,0.1333,0.0995,0.1765,300,0.2967,0.2478,0.3507,300
23,3,2.0,0.0,0.0,True,1.0,type_I,0.1927,0.0233,0.0113,0.0474,300,0.047,0.0282,0.0773,298,0.0333,0.0182,0.0603,300,0.1633,0.1258,0.2094,300
23,3,2.0,0.0,0.8,True,1.0,power,0.2675,0.1233,0.0908,0.1654,300,0.1544,0.1178,0.1998,298,0.1467,0.1111,0.1912,300,0.32,0.2698,0.3748,300
23,3,2.0,0.0,0.0,True,4.0,type_I,0.1503,0.02,0.0092,0.0429,300,0.0271,0.0132,0.0549,258,0.0367,0.0206,0.0645,300,0.1767,0.1377,0.2238,300
23,3,2.0,0.0,0.8,True,4.0,power,0.2338,0.1572,0.1203,0.2028,299,0.2253,0.1781,0.2807,253,0.1538,0.1174,0.1991,299,0.3746,0.3216,0.4307,299
23,3,2.0,0.5,0.0,False,1.0,type_I,0.1241,0.01,0.0034,0.029,300,0.0105,0.0036,0.0303,287,0.0067,0.0018,0.024,300,0.1233,0.0908,0.1654,300
23,3,2.0,0.5,0.8,False,1.0,power,0.176,0.0833,0.0571,0.1201,300,0.1267,0.0933,0.1698,292,0.1033,0.0738,0.1429,300,0.2667,0.2198,0.3194,300
23,3,2.0,0.5,0.0,False,4.0,type_I,0.109,0.0334,0.0183,0.0605,299,0.0387,0.0218,0.068,284,0.0502,0.0306,0.0811,299,0.1839,0.1441,0.2318,299
23,3,2.0,0.5,0.8,False,4.0,power,0.1774,0.11,0.0794,0.1505,300,0.1458,0.1097,0.1913,288,0.15,0.114,0.1948,300,0.35,0.2982,0.4056,300
23,3,2.0,0.5,0.0,True,1.0,type_I,0.1654,0.02,0.0092,0.0429,300,0.0237,0.0115,0.0482,295,0.0267,0.0136,0.0517,300,0.1267,0.0937,0.1691,300
23,3,2.0,0.5,0.8,True,1.0,power,0.2452,0.1433,0.1082,0.1875,300,0.1706,0.1319,0.2179,293,0.16,0.1229,0.2057,300,0.3267,0.2761,0.3816,300
23,3,2.0,0.5,0.0,True,4.0,type_I,0.1292,0.0367,0.0206,0.0645,300,0.0491,0.0295,0.0808,285,0.0367,0.0206,0.0645,300,0.1833,0.1436,0.231,300
23,3,2.0,0.5,0.8,True,4.0,power,0.2115,0.1622,0.1245,0.2084,296,0.1661,0.1273,0.2138,283,0.1959,0.1547,0.2449,296,0.4223,0.3674,0.4792,296
24,2,0.0,0.0,0.0,False,1.0,type_I,0.056,0.037,0.0208,0.0651,297,0.0202,0.0093,0.0434,297,0.0438,0.0258,0.0734,297,0.1785,0.1391,0.226,297
24,2,0.0,0.0,0.8,False,1.0,power,0.1451,0.2407,0.1954,0.2926,295,0.2,0.1583,0.2494,295,0.2102,0.1676,0.2602,295,0.3864,0.3327,0.4431,295
24,2,0.0,0.0,0.0,False,4.0,type_I,0.0481,0.0433,0.0255,0.0727,300,0.0237,0.0115,0.0482,295,0.0433,0.0255,0.0727,300,0.1367,0.1024,0.1802,300
24,2,0.0,0.0,0.8,False,4.0,power,0.15,0.2347,0.1899,0.2864,294,0.1993,0.1575,0.249,291,0.2517,0.2055,0.3043,294,0.3776,0.3241,0.4342,294
24,2,0.0,0.0,0.0,True,1.0,type_I,0.0538,0.0468,0.0281,0.077,299,0.0301,0.0159,0.0562,299,0.0502,0.0306,0.0811,299,0.1839,0.1441,0.2318,299
24,2,0.0,0.0,0.8,True,1.0,power,0.1515,0.2669,0.2197,0.32,296,0.2365,0.1916,0.2881,296,0.2703,0.2229,0.3236,296,0.4054,0.351,0.4622,296
24,2,0.0,0.0,0.0,True,4.0,type_I,0.0551,0.0339,0.0185,0.0613,295,0.0205,0.0094,0.0439,293,0.0271,0.0138,0.0526,295,0.1356,0.1012,0.1794,295
24,2,0.0,0.0,0.8,True,4.0,power,0.1526,0.2279,0.1836,0.2792,294,0.1972,0.1555,0.247,289,0.2177,0.1743,0.2683,294,0.4082,0.3535,0.4652,294
24,2,0.0,0.5,0.0,False,1.0,type_I,0.0564,0.0304,0.0161,0.0568,296,0.0169,0.0072,0.0389,296,0.0338,0.0185,0.0611,296,0.1588,0.1216,0.2048,296
24,2,0.0,0.5,0.8,False,1.0,power,0.1397,0.2415,0.1961,0.2936,294,0.2116,0.1687,0.262,293,0.2449,0.1992,0.2971,294,0.3503,0.2981,0.4065,294
24,2,0.0,0.5,0.0,False,4.0,type_I,0.0587,0.0678,0.0443,0.1024,295,0.0342,0.0187,0.0619,292,0.0644,0.0416,0.0984,295,0.1831,0.1431,0.2312,295
24,2,0.0,0.5,0.8,False,4.0,power,0.1355,0.2196,0.1762,0.2702,296,0.1871,0.1466,0.2356,294,0.223,0.1793,0.2738,296,0.375,0.3218,0.4314,296
24,2,0.0,0.5,0.0,True,1.0,type_I,0.0586,0.0574,0.0362,0.09,296,0.0407,0.0234,0.0697,295,0.0541,0.0335,0.086,296,0.2061,0.1639,0.2558,296
24,2,0.0,0.5,0.8,True,1.0,power,0.1309,0.1993,0.1578,0.2486,296,0.1763,0.137,0.2238,295,0.2095,0.167,0.2594,296,0.3716,0.3185,0.428,296
24,2,0.0,0.5,0.0,True,4.0,type_I,0.0454,0.0309,0.0164,0.0577,291,0.0208,0.0096,0.0447,288,0.0344,0.0188,0.0621,291,0.1478,0.1116,0.1931,291
24,2,0.0,0.5,0.8,True,4.0,power,0.1347,0.2373,0.1923,0.289,295,0.1939,0.1528,0.2429,294,0.2508,0.2048,0.3033,295,0.3763,0.3229,0.4328,295
24,2,2.0,0.0,0.0,False,1.0,type_I,0.0535,0.0468,0.0281,0.077,299,0.0167,0.0072,0.0385,299,0.0401,0.0231,0.0688,299,0.1338,0.0998,0.177,299
24,2,2.0,0.0,0.8,False,1.0,power,0.0847,0.113,0.0816,0.1545,292,0.0959,0.0672,0.1351,292,0.1164,0.0845,0.1583,292,0.226,0.1818,0.2774,292
24,2,2.0,0.0,0.0,False,4.0,type_I,0.05,0.0303,0.016,0.0566,297,0.0205,0.0094,0.0439,293,0.0505,0.0308,0.0816,297,0.165,0.1271,0.2114,297
24,2,2.0,0.0,0.8,False,4.0,power,0.086,0.1276,0.094,0.1709,290,0.0912,0.063,0.1303,285,0.1414,0.106,0.1862,290,0.2931,0.2437,0.3479,290
24,2,2.0,0.0,0.0,True,1.0,type_I,0.0545,0.037,0.0208,0.0651,297,0.0101,0.0034,0.0293,297,0.0404,0.0233,0.0693,297,0.1953,0.1542,0.2441,297
24,2,2.0,0.0,0.8,True,1.0,power,0.1238,0.1858,0.1456,0.234,296,0.1318,0.0979,0.175,296,0.1791,0.1396,0.2268,296,0.3547,0.3024,0.4108,296
24,2,2.0,0.0,0.0,True,4.0,type_I,0.0481,0.0404,0.0233,0.0693,297,0.0171,0.0073,0.0393,293,0.037,0.0208,0.0651,297,0.1751,0.1361,0.2224,297
24,2,2.0,0.0,0.8,True,4.0,power,0.1181,0.1712,0.1324,0.2186,292,0.1254,0.092,0.1688,287,0.1678,0.1293,0.2149,292,0.3219,0.2709,0.3775,292
24,2,2.0,0.5,0.0,False,1.0,type_I,0.0509,0.027,0.0138,0.0524,296,0.0136,0.0053,0.0343,295,0.0439,0.0258,0.0737,296,0.1588,0.1216,0.2048,296
24,2,2.0,0.5,0.8,False,1.0,power,0.0961,0.128,0.0943,0.1715,289,0.0729,0.0482,0.1089,288,0.1246,0.0914,0.1676,289,0.263,0.2156,0.3166,289
24,2,2.0,0.5,0.0,False,4.0,type_I,0.0422,0.0441,0.0259,0.0739,295,0.0102,0.0035,0.0296,294,0.0644,0.0416,0.0984,295,0.1525,0.116,0.198,295
24,2,2.0,0.5,0.8,False,4.0,power,0.0994,0.1384,0.1033,0.183,289,0.1119,0.0804,0.1537,286,0.1419,0.1063,0.1868,289,0.2699,0.222,0.3238,289
24,2,2.0,0.5,0.0,True,1.0,type_I,0.0473,0.0336,0.0183,0.0607,298,0.0101,0.0034,0.0293,297,0.0369,0.0207,0.0649,298,0.1913,0.1507,0.2397,298
24,2,2.0,0.5,0.8,True,1.0,power,0.1251,0.1892,0.1487,0.2377,296,0.1458,0.11,0.1906,295,0.1858,0.1456,0.234,296,0.3277,0.2767,0.3831,296
24,2,2.0,0.5,0.0,True,4.0,type_I,0.0443,0.0306,0.0162,0.0571,294,0.0239,0.0116,0.0485,293,0.034,0.0186,0.0615,294,0.1667,0.1284,0.2135,294
24,2,2.0,0.5,0.8,True,4.0,power,0.1113,0.1615,0.1237,0.2082,291,0.1359,0.101,0.1804,287,0.1753,0.1359,0.2231,291,0.3299,0.2784,0.3858,291
30,2,0.0,0.0,0.0,False,1.0,type_I,0.0319,0.0436,0.0257,0.0732,298,0.0336,0.0183,0.0607,298,0.0436,0.0257,0.0732,298,0.0805,0.0547,0.117,298
30,2,0.0,0.0,0.8,False,1.0,power,0.1381,0.2929,0.2441,0.3471,297,0.2795,0.2315,0.3331,297,0.2997,0.2504,0.3541,297,0.3535,0.3014,0.4095,297
30,2,0.0,0.0,0.0,False,4.0,type_I,0.0412,0.034,0.0186,0.0615,294,0.0205,0.0095,0.0441,292,0.0408,0.0235,0.07,294,0.0816,0.0555,0.1186,294
30,2,0.0,0.0,0.8,False,4.0,power,0.1156,0.2107,0.1683,0.2604,299,0.1684,0.1301,0.2151,297,0.2007,0.1592,0.2497,299,0.2575,0.2113,0.3099,299
30,2,0.0,0.0,0.0,True,1.0,type_I,0.0359,0.04,0.023,0.0686,300,0.03,0.0159,0.056,300,0.05,0.0305,0.0808,300,0.0867,0.0598,0.124,300
30,2,0.0,0.0,0.8,True,1.0,power,0.1124,0.2233,0.1799,0.2738,300,0.1933,0.1526,0.2418,300,0.2167,0.1738,0.2667,300,0.2567,0.2105,0.309,300
30,2,0.0,0.0,0.0,True,4.0,type_I,0.0483,0.0338,0.0185,0.0611,296,0.0339,0.0185,0.0613,295,0.0507,0.0309,0.0819,296,0.0676,0.0442,0.1021,296
30,2,0.0,0.0,0.8,True,4.0,power,0.1219,0.2339,0.1892,0.2854,295,0.2007,0.1589,0.2502,294,0.2407,0.1954,0.2926,295,0.2441,0.1985,0.2962,295
30,2,0.0,0.5,0.0,False,1.0,type_I,0.0356,0.03,0.0159,0.056,300,0.0267,0.0136,0.0517,300,0.0367,0.0206,0.0645,300,0.07,0.0462,0.1046,300
30,2,0.0,0.5,0.8,False,1.0,power,0.142,0.2626,0.2158,0.3155,297,0.2559,0.2096,0.3084,297,0.266,0.219,0.319,297,0.2828,0.2346,0.3366,297
30,2,0.0,0.5,0.0,False,4.0,type_I,0.0363,0.0476,0.0286,0.0783,294,0.0306,0.0162,0.0571,294,0.0544,0.0338,0.0866,294,0.0578,0.0364,0.0906,294
30,2,0.0,0.5,0.8,False,4.0,power,0.1134,0.2245,0.1805,0.2756,294,0.2014,0.1594,0.251,293,0.2449,0.1992,0.2971,294,0.2483,0.2024,0.3007,294
30,2,0.0,0.5,0.0,True,1.0,type_I,0.043,0.0606,0.0387,0.0938,297,0.0505,0.0308,0.0816,297,0.0572,0.036,0.0897,297,0.0976,0.0688,0.1367,297
30,2,0.0,0.5,0.8,True,1.0,power,0.1081,0.1864,0.1461,0.2348,295,0.1559,0.119,0.2017,295,0.1932,0.1522,0.2421,295,0.2237,0.1799,0.2747,295
30,2,0.0,0.5,0.0,True,4.0,type_I,0.0443,0.0502,0.0306,0.0811,299,0.037,0.0208,0.0651,297,0.0635,0.0411,0.0971,299,0.087,0.06,0.1244,299
30,2,0.0,0.5,0.8,True,4.0,power,0.121,0.2508,0.2051,0.3029,299,0.2256,0.1817,0.2765,297,0.2642,0.2175,0.317,299,0.2742,0.2268,0.3274,299
30,2,2.0,0.0,0.0,False,1.0,type_I,0.0377,0.0435,0.0256,0.073,299,0.0301,0.0159,0.0562,299,0.0435,0.0256,0.073,299,0.0736,0.0491,0.1089,299
30,2,2.0,0.0,0.8,False,1.0,power,0.0711,0.1267,0.0933,0.1698,292,0.0925,0.0643,0.1312,292,0.1233,0.0904,0.166,292,0.1336,0.0993,0.1774,292
30,2,2.0,0.0,0.0,False,4.0,type_I,0.0322,0.0372,0.0209,0.0653,296,0.0204,0.0094,0.0438,294,0.0439,0.0258,0.0737,296,0.0811,0.0551,0.1178,296
30,2,2.0,0.0,0.8,False,4.0,power,0.0857,0.1385,0.1038,0.1825,296,0.1119,0.0808,0.1529,295,0.1385,0.1038,0.1825,296,0.1824,0.1426,0.2304,296
30,2,2.0,0.0,0.0,True,1.0,type_I,0.0391,0.0535,0.0332,0.0851,299,0.0301,0.0159,0.0562,299,0.0468,0.0281,0.077,299,0.0936,0.0656,0.132,299
30,2,2.0,0.0,0.8,True,1.0,power,0.1115,0.204,0.1622,0.2533,299,0.1672,0.1292,0.2137,299,0.204,0.1622,0.2533,299,0.2575,0.2113,0.3099,299
30,2,2.0,0.0,0.0,True,4.0,type_I,0.0377,0.0235,0.0114,0.0477,298,0.0168,0.0072,0.0388,297,0.0336,0.0183,0.0607,298,0.0906,0.063,0.1286,298
30,2,2.0,0.0,0.8,True,4.0,power,0.1098,0.2074,0.1653,0.2569,299,0.1785,0.1391,0.226,297,0.214,0.1713,0.264,299,0.2375,0.1927,0.2888,299
30,2,2.0,0.5,0.0,False,1.0,type_I,0.0388,0.0368,0.0207,0.0647,299,0.0134,0.0052,0.0339,299,0.0201,0.0092,0.0431,299,0.0736,0.0491,0.1089,299
30,2,2.0,0.5,0.8,False,1.0,power,0.0755,0.1186,0.0866,0.1605,295,0.1017,0.0722,0.1415,295,0.139,0.1041,0.1831,295,0.1593,0.122,0.2054,295
30,2,2.0,0.5,0.0,False,4.0,type_I,0.0415,0.0235,0.0114,0.0477,298,0.0102,0.0035,0.0295,295,0.0503,0.0307,0.0814,298,0.0772,0.052,0.1131,298
30,2,2.0,0.5,0.8,False,4.0,power,0.0797,0.1229,0.0901,0.1654,293,0.1073,0.0766,0.1482,289,0.1502,0.1138,0.1956,293,0.1706,0.1319,0.2179,293
30,2,2.0,0.5,0.0,True,1.0,type_I,0.0423,0.0433,0.0255,0.0727,300,0.0267,0.0136,0.0517,300,0.0367,0.0206,0.0645,300,0.08,0.0543,0.1163,300
30,2,2.0,0.5,0.8,True,1.0,power,0.1042,0.2013,0.1597,0.2505,298,0.1644,0.1267,0.2107,298,0.1946,0.1537,0.2434,298,0.2517,0.2058,0.3039,298
30,2,2.0,0.5,0.0,True,4.0,type_I,0.0379,0.0441,0.0259,0.0739,295,0.0375,0.0211,0.066,293,0.0373,0.0209,0.0655,295,0.0712,0.047,0.1064,295
30,2,2.0,0.5,0.8,True,4.0,power,0.098,0.1897,0.1487,0.2387,290,0.1603,0.1224,0.2072,287,0.1897,0.1487,0.2387,290,0.2276,0.1831,0.2792,290
39,2,0.0,0.0,0.0,False,1.0,type_I,0.024,0.0633,0.0409,0.0968,300,0.05,0.0305,0.0808,300,0.0633,0.0409,0.0968,300,0.07,0.0462,0.1046,300
39,2,0.0,0.0,0.8,False,1.0,power,0.095,0.2819,0.2338,0.3355,298,0.2651,0.2182,0.318,298,0.2785,0.2307,0.332,298,0.2752,0.2276,0.3285,298
39,2,0.0,0.0,0.0,False,4.0,type_I,0.0331,0.0303,0.016,0.0566,297,0.0269,0.0137,0.0522,297,0.0337,0.0184,0.0609,297,0.0707,0.0467,0.1057,297
39,2,0.0,0.0,0.8,False,4.0,power,0.1178,0.3054,0.2558,0.3599,298,0.2819,0.2338,0.3355,298,0.3054,0.2558,0.3599,298,0.3221,0.2716,0.3772,298
39,2,0.0,0.0,0.0,True,1.0,type_I,0.027,0.0537,0.0333,0.0854,298,0.0436,0.0257,0.0732,298,0.057,0.0359,0.0895,298,0.0772,0.052,0.1131,298
39,2,0.0,0.0,0.8,True,1.0,power,0.1024,0.3074,0.2576,0.3622,296,0.2939,0.2449,0.3482,296,0.3176,0.2672,0.3727,296,0.3108,0.2608,0.3657,296
39,2,0.0,0.0,0.0,True,4.0,type_I,0.026,0.0401,0.0231,0.0688,299,0.0336,0.0183,0.0607,298,0.0435,0.0256,0.073,299,0.0569,0.0358,0.0892,299
39,2,0.0,0.0,0.8,True,4.0,power,0.1231,0.3278,0.277,0.3829,299,0.3177,0.2675,0.3725,299,0.3344,0.2834,0.3897,299,0.3746,0.3216,0.4307,299
39,2,0.0,0.5,0.0,False,1.0,type_I,0.0184,0.0537,0.0333,0.0854,298,0.0369,0.0207,0.0649,298,0.047,0.0282,0.0773,298,0.0638,0.0412,0.0974,298
39,2,0.0,0.5,0.8,False,1.0,power,0.1133,0.3064,0.2567,0.361,297,0.2896,0.2409,0.3436,297,0.2963,0.2472,0.3506,297,0.3266,0.2758,0.3819,297
39,2,0.0,0.5,0.0,False,4.0,type_I,0.0295,0.0602,0.0384,0.0931,299,0.0368,0.0207,0.0647,299,0.0502,0.0306,0.0811,299,0.087,0.06,0.1244,299
39,2,0.0,0.5,0.8,False,4.0,power,0.114,0.3579,0.3056,0.4137,299,0.3131,0.2631,0.368,297,0.3612,0.3088,0.4171,299,0.3278,0.277,0.3829,299
39,2,0.0,0.5,0.0,True,1.0,type_I,0.0256,0.0567,0.0357,0.0889,300,0.0267,0.0136,0.0517,300,0.05,0.0305,0.0808,300,0.07,0.0462,0.1046,300
39,2,0.0,0.5,0.8,True,1.0,power,0.093,0.2601,0.2135,0.313,296,0.2331,0.1885,0.2845,296,0.2601,0.2135,0.313,296,0.2736,0.226,0.3271,296
39,2,0.0,0.5,0.0,True,4.0,type_I,0.0362,0.0569,0.0358,0.0892,299,0.0438,0.0258,0.0734,297,0.0635,0.0411,0.0971,299,0.087,0.06,0.1244,299
39,2,0.0,0.5,0.8,True,4.0,power,0.1272,0.3322,0.2812,0.3875,298,0.3289,0.278,0.3841,298,0.3389,0.2875,0.3944,298,0.3423,0.2907,0.3979,298
39,2,2.0,0.0,0.0,False,1.0,type_I,0.0255,0.0468,0.0281,0.077,299,0.0201,0.0092,0.0431,299,0.0435,0.0256,0.073,299,0.0702,0.0464,0.105,299
39,2,2.0,0.0,0.8,False,1.0,power,0.0725,0.1906,0.1501,0.239,299,0.1605,0.1233,0.2064,299,0.214,0.1713,0.264,299,0.214,0.1713,0.264,299
39,2,2.0,0.0,0.0,False,4.0,type_I,0.0271,0.0369,0.0207,0.0649,298,0.0303,0.016,0.0566,297,0.0503,0.0307,0.0814,298,0.0369,0.0207,0.0649,298
39,2,2.0,0.0,0.8,False,4.0,power,0.0756,0.1911,0.1502,0.24,293,0.1706,0.1319,0.2179,293,0.2048,0.1625,0.2547,293,0.1945,0.1533,0.2437,293
39,2,2.0,0.0,0.0,True,1.0,type_I,0.0344,0.0638,0.0412,0.0974,298,0.0537,0.0333,0.0854,298,0.0537,0.0333,0.0854,298,0.0906,0.063,0.1286,298
39,2,2.0,0.0,0.8,True,1.0,power,0.0918,0.2752,0.2276,0.3285,298,0.1846,0.1446,0.2325,298,0.2483,0.2027,0.3004,298,0.302,0.2527,0.3564,298
39,2,2.0,0.0,0.0,True,4.0,type_I,0.0247,0.0368,0.0207,0.0647,299,0.0201,0.0093,0.0432,298,0.0301,0.0159,0.0562,299,0.0368,0.0207,0.0647,299
39,2,2.0,0.0,0.8,True,4.0,power,0.1113,0.3087,0.259,0.3633,298,0.2525,0.2065,0.3049,297,0.2819,0.2338,0.3355,298,0.3154,0.2653,0.3703,298
39,2,2.0,0.5,0.0,False,1.0,type_I,0.0241,0.03,0.0159,0.056,300,0.02,0.0092,0.0429,300,0.0367,0.0206,0.0645,300,0.0533,0.0331,0.0849,300
39,2,2.0,0.5,0.8,False,1.0,power,0.0661,0.1913,0.1507,0.2397,298,0.1544,0.1178,0.1998,298,0.1913,0.1507,0.2397,298,0.1946,0.1537,0.2434,298
39,2,2.0,0.5,0.0,False,4.0,type_I,0.0227,0.0268,0.0136,0.0519,299,0.0101,0.0034,0.0292,298,0.0234,0.0114,0.0475,299,0.0301,0.0159,0.0562,299
39,2,2.0,0.5,0.8,False,4.0,power,0.0835,0.1906,0.1501,0.239,299,0.1453,0.1097,0.19,296,0.1739,0.1352,0.2209,299,0.2308,0.1866,0.2818,299
39,2,2.0,0.5,0.0,True,1.0,type_I,0.0256,0.0468,0.0281,0.077,299,0.0201,0.0092,0.0431,299,0.0468,0.0281,0.077,299,0.0635,0.0411,0.0971,299
39,2,2.0,0.5,0.8,True,1.0,power,0.0955,0.2584,0.212,0.3109,298,0.2282,0.1842,0.2791,298,0.2685,0.2213,0.3215,298,0.2852,0.237,0.339,298
39,2,2.0,0.5,0.0,True,4.0,type_I,0.029,0.0503,0.0307,0.0814,298,0.0369,0.0207,0.0649,298,0.0537,0.0333,0.0854,298,0.057,0.0359,0.0895,298
39,2,2.0,0.5,0.8,True,4.0,power,0.0961,0.2315,0.1873,0.2827,298,0.2222,0.1787,0.2729,297,0.2483,0.2027,0.3004,298,0.2416,0.1965,0.2933,298
